file_name,Upcoming Date
1.xlsx,2023-08-25 00:00:00
2.xlsx,2023-07-01 00:00:00
3.xlsx,2024-02-26 00:00:00
4.xlsx,2023-09-16 00:00:00
5.xlsx,2024-04-22 00:00:00
6.xlsx,2024-04-22 00:00:00
7.xlsx,2024-01-05 00:00:00
8.xlsx,2024-01-11 00:00:00
10.xlsx,2023-07-09 00:00:00
11.xlsx,2023-12-06 00:00:00
12.xlsx,2023-06-19 00:00:00
13.xlsx,2024-04-24 00:00:00
14.xlsx,2024-03-11 00:00:00
15.xlsx,2024-01-13 00:00:00
16.xlsx,2023-11-22 00:00:00
17.xlsx,2024-02-12 00:00:00
18.xlsx,2023-07-01 00:00:00
19.xlsx,2024-03-15 00:00:00
20.xlsx,2023-06-26 00:00:00
21.xlsx,2023-10-26 00:00:00
22.xlsx,2024-02-12 00:00:00
23.xlsx,2023-12-27 00:00:00
24.xlsx,2024-01-06 00:00:00
25.xlsx,2024-03-30 00:00:00
26.xlsx,2024-03-20 00:00:00
27.xlsx,2023-07-27 00:00:00
28.xlsx,2024-01-11 00:00:00
29.xlsx,2024-02-04 00:00:00
30.xlsx,2023-09-28 00:00:00
31.xlsx,2023-08-25 00:00:00
32.xlsx,2023-08-14 00:00:00
33.xlsx,2023-08-14 00:00:00
34.xlsx,2023-08-25 00:00:00
35.xlsx,2024-02-10 00:00:00
36.xlsx,2024-01-09 00:00:00
37.xlsx,2023-11-17 00:00:00
38.xlsx,2024-01-22 00:00:00
39.xlsx,2023-07-27 00:00:00
40.xlsx,2023-08-03 00:00:00
41.xlsx,2023-10-30 00:00:00
42.xlsx,2023-11-22 00:00:00
43.xlsx,2023-08-19 00:00:00
44.xlsx,2024-09-21 00:00:00
45.xlsx,2024-01-17 00:00:00
46.xlsx,2023-09-15 00:00:00
47.xlsx,2023-08-31 00:00:00
48.xlsx,2024-03-25 00:00:00
49.xlsx,2023-07-11 00:00:00
51.xlsx,2023-09-03 00:00:00
52.xlsx,2023-07-05 00:00:00
53.xlsx,2023-08-27 00:00:00
55.xlsx,2024-03-09 00:00:00
56.xlsx,2024-04-13 00:00:00
57.xlsx,2023-08-26 00:00:00
58.xlsx,2023-08-25 00:00:00
59.xlsx,2024-03-11 00:00:00
60.xlsx,2023-09-09 00:00:00
61.xlsx,2024-03-17 00:00:00
62.xlsx,2024-02-08 00:00:00
63.xlsx,2024-03-10 00:00:00
64.xlsx,2023-12-15 00:00:00
65.xlsx,2023-09-05 00:00:00
66.xlsx,2024-03-16 00:00:00
67.xlsx,2023-07-18 00:00:00
68.xlsx,2024-02-25 00:00:00
69.xlsx,2024-04-15 00:00:00
70.xlsx,2023-08-26 00:00:00
71.xlsx,2023-06-22 00:00:00
72.xlsx,2023-07-25 00:00:00
73.xlsx,2023-11-01 00:00:00
74.xlsx,2023-06-27 00:00:00
75.xlsx,2023-08-03 00:00:00
76.xlsx,2023-12-20 00:00:00
77.xlsx,2023-06-10 00:00:00
78.xlsx,2023-06-17 00:00:00
79.xlsx,2026-05-10 00:00:00
80.xlsx,2024-05-11 00:00:00
81.xlsx,2024-02-22 00:00:00
82.xlsx,2023-09-05 00:00:00
83.xlsx,2024-02-05 00:00:00
84.xlsx,2024-03-29 00:00:00
85.xlsx,2023-12-10 00:00:00
86.xlsx,2023-07-07 00:00:00
87.xlsx,2024-02-25 00:00:00
88.xlsx,2023-06-28 00:00:00
89.xlsx,2024-01-02 00:00:00
90.xlsx,2023-08-25 00:00:00
91.xlsx,2024-02-07 00:00:00
92.xlsx,2024-01-14 00:00:00
93.xlsx,2024-02-12 00:00:00
94.xlsx,2024-02-22 00:00:00
95.xlsx,2024-01-06 00:00:00
96.xlsx,2023-11-30 00:00:00
97.xlsx,2024-02-06 00:00:00
98.xlsx,2024-04-01 00:00:00
99.xlsx,2023-07-14 00:00:00
100.xlsx,2023-08-20 00:00:00
101.xlsx,2023-12-28 00:00:00
102.xlsx,2023-08-08 00:00:00
103.xlsx,2023-12-15 00:00:00
104.xlsx,2023-12-01 00:00:00
105.xlsx,2023-08-09 00:00:00
106.xlsx,2024-03-23 00:00:00
107.xlsx,2024-01-06 00:00:00
108.xlsx,2023-06-28 00:00:00
109.xlsx,2023-10-26 00:00:00
110.xlsx,2023-08-18 00:00:00
111.xlsx,2023-06-28 00:00:00
112.xlsx,2023-08-25 00:00:00
113.xlsx,2023-11-12 00:00:00
114.xlsx,2023-07-17 00:00:00
115.xlsx,2024-01-30 00:00:00
116.xlsx,2024-01-07 00:00:00
117.xlsx,2023-08-17 00:00:00
118.xlsx,2023-07-16 00:00:00
119.xlsx,2024-04-02 00:00:00
120.xlsx,2023-06-26 00:00:00
121.xlsx,2023-11-30 00:00:00
122.xlsx,2023-06-01 00:00:00
123.xlsx,2023-06-01 00:00:00
124.xlsx,2023-12-04 00:00:00
125.xlsx,2023-06-01 00:00:00
126.xlsx,2023-11-04 00:00:00
127.xlsx,2023-06-26 00:00:00
128.xlsx,2024-01-30 00:00:00
129.xlsx,2023-07-26 00:00:00
130.xlsx,2024-08-03 00:00:00
131.xlsx,2024-02-14 00:00:00
133.xlsx,2024-04-17 00:00:00
134.xlsx,2023-09-01 00:00:00
135.xlsx,2023-05-24 00:00:00
136.xlsx,2023-11-22 00:00:00
137.xlsx,2024-04-22 00:00:00
139.xlsx,2023-09-01 00:00:00
140.xlsx,2023-08-09 00:00:00
141.xlsx,2024-01-06 00:00:00
142.xlsx,2024-03-01 00:00:00
143.xlsx,2023-12-26 00:00:00
144.xlsx,2023-11-16 00:00:00
145.xlsx,2023-08-26 00:00:00
146.xlsx,2024-02-19 00:00:00
148.xlsx,2023-08-10 00:00:00
149.xlsx,2024-01-26 00:00:00
150.xlsx,2023-06-17 00:00:00
151.xlsx,2024-02-18 00:00:00
152.xlsx,2023-07-29 00:00:00
153.xlsx,2023-06-19 00:00:00
154.xlsx,2023-09-14 00:00:00
155.xlsx,2024-03-22 00:00:00
156.xlsx,2023-06-09 00:00:00
157.xlsx,2024-03-16 00:00:00
158.xlsx,2023-11-01 00:00:00
159.xlsx,2023-07-20 00:00:00
160.xlsx,2024-02-25 00:00:00
162.xlsx,2023-08-14 00:00:00
164.xlsx,2023-11-26 00:00:00
165.xlsx,2024-01-21 00:00:00
166.xlsx,2023-06-27 00:00:00
167.xlsx,2024-04-15 00:00:00
168.xlsx,2023-06-10 00:00:00
169.xlsx,2023-07-26 00:00:00
170.xlsx,2023-08-20 00:00:00
171.xlsx,2024-03-11 00:00:00
172.xlsx,2023-08-03 00:00:00
173.xlsx,2023-06-24 00:00:00
175.xlsx,2023-10-01 00:00:00
176.xlsx,2024-02-05 00:00:00
